Year,Alabama,Alaska,Arizona,Arkansas,California,Colorado,Connecticut,Delaware,Florida,Georgia,Hawaii,Idaho,Illinois,Indiana,Iowa,Kansas,Kentucky,Louisiana,Maine,Maryland,Massachusetts,Michigan,Minnesota,Mississippi,Missouri,Montana,Nebraska,Nevada,New Hampshire,New Jersey,New Mexico,New York,North Carolina,North Dakota,Ohio,Oklahoma,Oregon,Pennsylvania,Rhode Island,South Carolina,South Dakota,Tennessee,Texas,Utah,Vermont,Virginia,Washington,West Virginia,Wisconsin,Wyoming
1960, 592.1, 970.5, 1782.2, 573.8, 1984.8, 1251.4, 656.9, 1314.6, 1486.5, 709.6, 1480.6, 1331.4, 1045.7, 840.7, 792.9, 895.8, 619.8, 764.3, 756.7, 968.3, 650.1, 1536.9, 916.9, 349.1, 1019.7, 1345.5, 820.9, 1989.3, 436.0, 756.6, 1524.8,, 589.6, 610.8, 956.7, 1171.2, 1371.2, 530.3, 1216.4, 824.1, 788.1, 565.2, 1288.3, 1917.9, 486.8, 949.3, 1530.1, 352.5, 810.6, 1399.7
1961, 569.4, 950.0, 1876.3, 568.2, 1950.6, 1322.3, 715.8, 1284.9, 1353.0, 746.1, 1597.9, 1394.7, 1140.6, 899.6, 759.1, 946.4, 630.8, 614.4, 705.8, 1049.6, 762.0, 1583.7, 892.5, 357.9, 1106.2, 1311.9, 864.6, 2052.2, 464.4, 755.0, 1398.2,, 607.5, 597.2, 979.0, 1123.4, 1388.7, 512.1, 1128.1, 851.8, 771.4, 559.7, 1233.2, 1482.0, 377.0, 1025.5, 1531.7, 293.3, 850.2, 1404.4
1962, 634.5, 985.4, 1895.6, 612.7, 2052.9, 1507.1, 760.1, 1381.4, 1433.7, 742.3, 1543.0, 1423.9, 1235.0, 1049.3, 780.3, 1059.7, 703.8, 683.5, 766.1, 1137.5, 853.5, 1633.1, 972.1, 377.3, 1317.9, 1289.6, 865.6, 2105.7, 604.6, 873.0, 1383.2,, 626.5, 661.4, 950.2, 1164.3, 1387.9, 565.7, 1131.6, 931.7, 715.7, 661.8, 1253.0, 1634.3, 546.9, 1018.7, 1603.9, 394.6, 831.9, 1144.4
1963, 683.4, 1213.7, 2002.1, 662.8, 2184.7, 1553.5, 877.6, 1377.9, 1575.3, 841.6, 1557.9, 1394.0, 1332.1, 1195.7, 804.8, 1081.7, 780.6, 791.3, 737.9, 1258.3, 850.6, 1797.2, 1087.9, 338.0, 1464.2, 1375.1, 971.3, 2565.5, 534.9, 945.9, 1457.9,, 648.7, 724.0, 1072.4, 1122.0, 1479.9, 612.0, 1139.1, 957.8, 740.6, 690.4, 1292.8, 1645.7, 555.6, 1093.0, 1622.6, 402.9, 958.4, 1322.6
1964, 784.1, 1218.4, 2225.8, 756.4, 2366.5, 1619.0, 1003.4, 1468.6, 1898.5, 883.9, 1612.1, 1445.1, 1380.3, 1287.0, 933.7, 1286.0, 868.3, 901.6, 866.8, 1354.1, 920.4, 1875.9, 1209.3, 447.7, 1677.5, 1350.2, 1074.0, 2415.7, 580.6, 1018.7, 1598.0,, 732.8, 726.7, 1205.2, 1217.0, 1646.8, 671.8, 1329.9, 1095.2, 816.4, 715.8, 1459.4, 1704.2, 481.2, 1249.7, 1843.5, 410.4, 1114.1, 1330.0
1965, 812.1, 1492.9, 2251.7, 727.2, 2388.0, 1652.2, 983.8, 1398.4, 1855.9, 882.0, 1839.4, 1450.1, 1293.1, 1230.6, 950.0, 1293.0, 884.3, 913.3, 873.2, 1529.7, 934.9, 1830.3, 1192.8, 444.2, 1651.7, 1426.6, 1226.5, 2222.5, 624.2, 976.9, 1699.8, 1401.8, 779.6, 748.5, 1160.8, 1137.3, 1798.9, 707.3, 1255.9, 1001.2, 878.7, 684.7, 1514.2, 2008.8, 536.0, 1250.9, 1815.7, 418.2, 1102.8, 1397.6
1966, 869.6, 1600.7, 2630.1, 774.4, 2506.2, 1831.3, 1040.7, 1458.8, 2077.5, 943.5, 1971.0, 1451.9, 1418.6, 1286.7, 1131.2, 1366.3, 896.4, 1073.7, 907.1, 1668.1, 989.1, 2038.7, 1305.5, 448.6, 1606.3, 1555.1, 1267.0, 2091.2, 647.7, 1121.7, 1856.3, 1568.7, 825.2, 862.9, 1220.9, 1240.2, 1935.5, 728.7, 1262.7, 1060.2, 1021.1, 863.1, 1646.1, 2262.5, 552.6, 1272.2, 2065.9, 509.8, 1315.5, 1597.9
1967, 895.0, 1630.9, 3055.3, 879.1, 2748.8, 2019.5, 1112.6, 1500.2, 2206.8, 973.6, 2082.8, 1318.6, 1486.1, 1389.3, 1235.8, 1548.6, 950.9, 1176.3, 990.4, 1932.3, 1011.6, 2123.5, 1464.4, 471.9, 1630.7, 1635.2, 1299.7, 2513.3, 632.4, 1262.5, 1932.0, 1715.1, 911.8, 1046.9, 1400.2, 1348.9, 2176.8, 803.9, 1502.1, 1058.4, 1044.1, 944.2, 1796.6, 2217.0, 559.2, 1428.7, 2463.5, 542.0, 1496.8, 1637.8
1968, 967.7, 1915.9, 3022.2, 1068.9, 3032.3, 2262.0, 1420.5, 1619.3, 2398.5, 1043.1, 2483.7, 1459.1, 1705.2, 1562.5, 1436.5, 1752.2, 971.7, 1232.1, 970.1, 2050.6, 1229.0, 2150.5, 1670.2, 556.4, 1832.3, 1687.7, 1451.8, 2451.9, 745.7, 1487.8, 2245.5, 2071.1, 962.8, 1057.8, 1540.9, 1502.1, 2321.3, 923.9, 1893.1, 1065.9, 1133.8, 967.1, 1957.1, 2469.2, 593.6, 1559.9, 2435.6, 614.7, 1597.7, 1779.7
1969, 1037.8, 2196.8, 3144.2, 1206.5, 3282.7, 2559.2, 1663.0, 1859.8, 2538.4, 1182.9, 2606.0, 1894.6, 1806.8, 1677.8, 1516.9, 2049.9, 1072.0, 1373.1, 1142.7, 2220.7, 1399.3, 2485.0, 1771.0, 563.3, 2089.2, 1813.7, 1525.6, 2859.7, 858.7, 1515.6, 2577.7, 2005.7, 1126.1, 1105.7, 1663.9, 1462.7, 2543.9, 941.4, 2148.2, 1266.7, 1223.5, 975.8, 2160.8, 2742.0, 805.5, 1690.1, 2716.4, 599.6, 1685.1, 1870.0
1970, 1184.0, 2182.5, 3549.7, 1320.0, 3422.1, 2992.1, 1750.7, 2320.4, 2860.6, 1368.6, 3106.1, 2213.7, 2028.4, 1874.2, 1743.4, 2302.5, 1211.5, 1627.7, 1179.6, 2417.3, 1531.2, 2897.1, 1901.5, 693.6, 2073.9, 1955.9, 1572.5, 3044.0, 928.6, 1689.4, 2532.4, 2125.0, 1338.9, 1295.0, 1943.5, 1659.6, 2825.0, 1020.7, 2186.2, 1495.5, 1396.2, 1024.7, 2242.7, 2832.7, 968.7, 2134.9, 2853.5, 773.8, 1860.1, 2048.6
1971, 1173.9, 2438.0, 3654.2, 1243.5, 3517.9, 3128.5, 1846.0, 2670.6, 3054.1, 1354.5, 3222.4, 2473.9, 2095.6, 1903.9, 1841.8, 2148.4, 1195.4, 1729.4, 1327.8, 2528.5, 1756.9, 2956.0, 2157.7, 780.0, 1989.7, 2169.8, 1577.1, 2977.1, 1146.2, 1807.7, 2842.1, 2113.1, 1362.4, 1585.8, 1938.8, 1654.2, 2944.5, 1189.0, 2511.6, 1576.5, 1426.6, 1094.5, 2161.0, 3089.1, 1142.6, 2076.5, 2912.4, 770.9, 2051.8, 1892.1
1972, 1096.7, 2639.1, 3438.7, 1258.4, 3242.0, 3018.8, 1778.0, 2397.2, 2851.1, 1285.8, 2723.0, 2338.4, 1994.0, 1850.7, 1753.7, 2056.4, 1075.9, 1700.6, 1524.6, 2331.6, 1597.1, 2752.0, 1915.1, 832.0, 1978.8, 2100.0, 1637.2, 3099.6, 1206.1, 1685.3, 2667.5, 1748.3, 1257.7, 1494.1, 1796.1, 1605.5, 2895.4, 1046.0, 2282.4, 1538.6, 1436.1, 1132.2, 2005.7, 2832.2, 1255.8, 1862.1, 2739.9, 784.7, 1983.2, 2084.1
1973, 1107.8, 2865.5, 3720.1, 1433.7, 3123.6, 2910.6, 1909.7, 2526.4, 3048.6, 1390.7, 2830.8, 2237.8, 2236.2, 2043.3, 1904.6, 2055.3, 1139.2, 1690.4, 1566.8, 2457.9, 1729.2, 2771.3, 2004.7, 879.7, 2052.6, 2241.7, 1685.7, 3299.1, 1373.3, 1873.4, 2614.3, 1753.7, 1308.2, 1502.8, 1884.3, 1745.2, 2988.5, 1090.7, 2312.3, 1492.1, 1406.0, 1362.2, 2107.3, 2748.1, 1489.9, 2004.3, 2902.4, 824.9, 2122.0, 2282.7
1974, 1308.7, 2972.1, 4518.6, 1745.3, 3525.5, 3354.2, 2275.0, 3459.9, 3939.5, 1660.8, 3492.8, 2683.5, 2761.5, 2396.0, 2282.1, 2516.9, 1466.8, 1956.2, 1946.0, 2944.8, 2078.8, 3331.6, 2228.2, 1034.5, 2437.3, 2750.5, 2053.5, 4086.0, 1973.0, 2392.2, 2873.4, 2155.4, 1647.1, 1544.7, 2285.1, 1999.0, 3665.5, 1435.0, 2612.0, 1864.7, 1735.3, 1575.6, 2471.8, 3272.9, 1606.6, 2409.4, 3484.8, 953.3, 2417.8, 2464.1
1975, 1645.5, 3522.4, 4747.7, 1947.0, 3703.7, 3744.0, 2603.6, 3926.9, 4240.4, 2248.5, 3457.7, 2651.3, 3030.0, 2813.9, 2719.8, 2862.8, 1774.2, 2191.8, 2167.9, 3267.6, 2351.7, 3572.9, 2516.1, 1181.3, 2924.7, 2814.8, 2365.0, 4517.1, 2135.7, 2672.5, 3258.8, 2471.0, 1909.2, 1614.3, 2808.6, 2375.0, 3935.9, 1670.0, 2878.4, 2156.3, 1698.0, 2129.5, 2963.7, 3372.6, 2112.1, 2730.7, 3641.6, 1228.7, 2665.4, 2810.7
1976, 1987.2, 3656.8, 4642.7, 2013.9, 3745.8, 4043.5, 2785.8, 3915.8, 4074.0, 2618.3, 3669.0, 2776.9, 2991.8, 2769.9, 2884.6, 2938.1, 1857.7, 2447.0, 2337.5, 3242.2, 2446.8, 3550.6, 2672.8, 1239.4, 2794.9, 2932.7, 2433.7, 4717.4, 2335.3, 2988.9, 3651.5, 2855.2, 2124.0, 1804.5, 2978.2, 2570.4, 3806.8, 1790.8, 3050.6, 2503.2, 1684.3, 2218.6, 3209.5, 3302.0, 1853.2, 2650.2, 3414.3, 1459.0, 2696.4, 2750.3
1977, 1881.9, 3369.8, 4467.4, 1862.1, 3499.8, 3903.2, 2620.7, 3678.4, 3840.5, 2170.2, 3920.4, 2599.6, 2828.5, 2498.7, 2685.1, 2739.3, 1662.1, 2469.9, 2350.7, 3177.7, 2311.3, 3159.0, 2559.3, 1239.9, 2424.2, 2773.2, 2316.1, 4212.6, 2343.9, 2774.5, 3008.6, 2782.0, 2037.8, 1843.0, 2696.8, 2228.1, 3506.1, 1624.1, 2844.1, 2342.4, 1704.4, 1776.5, 2988.7, 3004.6, 2201.0, 2521.2, 3386.9, 1341.7, 2614.2, 2772.2
1978, 1987.9, 3603.5, 4504.8, 1950.9, 3488.8, 3977.0, 2597.6, 3792.6, 3936.5, 2456.3, 4357.5, 2496.2, 2969.9, 2495.7, 2712.9, 2691.4, 1664.7, 2570.3, 2436.2, 3235.0, 2277.8, 3046.7, 2536.1, 1235.6, 2345.5, 2585.1, 2287.2, 4245.2, 2483.4, 2766.8, 3002.7, 2628.6, 2083.4, 1767.2, 2629.7, 2125.8, 3561.1, 1643.0, 2714.3, 2483.6, 1766.1, 1766.1, 3065.3, 3186.1, 2164.9, 2566.8, 3548.8, 1278.3, 2672.3, 3035.6
1979, 2223.2, 3713.3, 4774.5, 2076.5, 3732.6, 4253.2, 3113.9, 3965.8, 4267.5, 2847.9, 4435.0, 2605.2, 3170.6, 2660.5, 2928.8, 2938.9, 1770.1, 2877.7, 2719.1, 3502.0, 2637.1, 3423.2, 2729.7, 1496.5, 2555.4, 3121.8, 2680.7, 4471.2, 2915.0, 3021.7, 3363.8, 2836.4, 2406.4, 2071.1, 2946.2, 2396.0, 3831.5, 1837.6, 3051.3, 2585.5, 2000.3, 1937.2, 3081.9, 3673.4, 3200.0, 2730.9, 3876.8, 1318.2, 3005.9, 3246.0
1980, 2642.2, 3388.9, 4891.2, 2169.8, 3880.0, 4325.8, 3089.6, 4216.2, 4434.2, 2976.6, 4723.2, 2993.0, 3252.5, 2807.1, 3219.1, 3196.4, 1875.5, 2888.4, 2772.3, 3629.2, 2685.8, 3710.2, 3029.9, 1717.8, 2795.1, 3529.6, 2921.6, 4356.3, 2877.0, 3189.3, 3521.0, 3060.4, 2546.4, 2242.2, 3040.1, 2520.6, 4087.8, 1915.5, 2964.3, 2803.2, 2255.2, 2175.2, 3181.4, 3931.8, 2988.1, 2882.3, 4192.9, 1429.8, 3291.4, 3344.9
1981, 2693.3, 3958.7, 4563.9, 2221.4, 3816.1, 4375.9, 3094.7, 4140.3, 4241.8, 3073.6, 4157.2, 2859.5, 3201.2, 2690.0, 3221.7, 3235.6, 1944.7, 2832.9, 2610.0, 3576.7, 2559.6, 3714.9, 2978.8, 1880.9, 2846.6, 3519.4, 2875.9, 4373.4, 2747.8, 3132.6, 3560.8, 3066.3, 2548.8, 2258.2, 3032.4, 2403.5, 4250.8, 1910.8, 2891.3, 2807.5, 2129.5, 2180.6, 3082.9, 3882.3, 3079.6, 2979.7, 4083.4, 1480.5, 3289.6, 3449.6
1982, 2656.4, 3806.4, 4360.9, 2289.4, 3785.1, 4429.3, 3065.0, 3968.6, 4103.9, 2926.9, 4250.3, 2617.2, 3093.2, 2713.5, 2842.3, 3048.8, 1991.3, 2881.7, 2459.2, 3350.6, 2541.7, 3623.1, 2815.8, 1940.6, 2714.3, 3006.1, 2732.1, 4117.9, 2535.8, 3011.3, 3929.5, 3025.3, 2603.4, 1987.2, 2807.5, 2685.7, 4003.8, 1859.4, 2826.4, 2872.6, 1865.3, 2371.9, 3283.6, 3689.9, 3131.8, 2789.1, 3914.9, 1435.4, 3088.7, 3367.1
1983, 2381.4, 3566.8, 3871.8, 2067.9, 3444.5, 4245.7, 2849.6, 3450.2, 3752.8, 2501.7, 3804.5, 2525.7, 2952.0, 2535.7, 2664.4, 2834.4, 1920.4, 2782.6, 2357.9, 2961.0, 2321.5, 3331.3, 2558.7, 1762.0, 2517.9, 3294.7, 2631.6, 3563.3, 2227.2, 2768.9, 3793.9, 2854.7, 2418.1, 2056.3, 2607.1, 2549.6, 3714.5, 1726.8, 2666.3, 2619.5, 1779.0, 2087.2, 3202.6, 3610.4, 2723.0, 2571.4, 3812.9, 1380.9, 2976.9, 2905.1
1984, 2235.5, 3628.0, 3884.8, 1992.6, 3346.1, 4054.7, 2683.3, 3221.4, 3718.6, 2522.7, 3689.0, 2411.4, 2820.3, 2345.2, 2571.1, 2749.3, 1715.3, 2898.9, 2319.3, 2841.3, 2125.1, 3285.9, 2432.5, 1653.3, 2391.2, 3286.4, 2482.9, 3458.6, 2079.2, 2690.4, 3595.2, 2755.1, 2330.9, 2019.8, 2475.3, 2572.6, 3617.9, 1655.3, 2562.8, 2568.3, 1855.8, 1954.1, 3311.8, 3437.2, 2651.7, 2462.9, 3745.8, 1347.1, 2906.5, 2645.4
1985, 2191.2, 3497.1, 4258.6, 2117.7, 3379.4, 4267.0, 2726.0, 3157.2, 4098.1, 2877.3, 3544.3, 2604.0, 2869.8, 2361.5, 2664.2, 2752.4, 1677.2, 3163.1, 2427.8, 2870.6, 2234.4, 3277.1, 2598.5, 1817.0, 2399.1, 3238.0, 2570.2, 3561.5, 2150.2, 2828.7, 3682.6, 2824.5, 2358.6, 2087.2, 2476.4, 2824.4, 3934.7, 1640.7, 2491.6, 2696.7, 1856.2, 2040.3, 3640.3, 3870.4, 2602.6, 2502.6, 4003.2, 1301.2, 2792.6, 2894.3
1986, 2304.4, 3909.9, 4336.6, 2305.1, 3383.9, 4230.8, 2758.3, 3090.4, 4372.6, 2984.5, 3759.1, 2799.7, 2937.9, 2332.9, 2801.3, 3008.1, 1740.4, 3417.4, 2346.5, 2977.9, 2189.1, 3377.7, 2785.3, 1845.0, 2500.5, 3314.0, 2677.3, 3489.2, 2207.9, 2822.5, 3712.4, 2923.5, 2422.7, 2049.2, 2574.2, 3141.7, 4162.8, 1654.1, 2568.3, 2845.8, 1939.0, 2125.8, 3986.5, 4073.6, 2697.4, 2521.8, 4266.6, 1357.7, 2802.2, 3078.1
1987, 2431.1, 3465.7, 4527.3, 2548.7, 3240.2, 4012.9, 2829.4, 3175.9, 4545.2, 3171.0, 4033.1, 2797.9, 2957.1, 2490.0, 2840.1, 3152.0, 1892.5, 3323.2, 2436.1, 2965.5, 2185.1, 3472.5, 2960.1, 1807.0, 2625.2, 3404.3, 2866.5, 3491.3, 2310.9, 2866.3, 3785.1, 3024.8, 2586.0, 2197.6, 2708.6, 3220.3, 4181.6, 1722.7, 2701.3, 2858.2, 1928.5, 2213.4, 4238.5, 4228.5, 2825.7, 2603.2, 4277.9, 1288.1, 2830.4, 2892.0
1988, 2502.6, 3101.6, 4821.7, 2492.3, 3314.5, 3900.6, 2810.2, 3003.6, 4760.6, 3495.8, 4112.2, 2692.0, 3076.5, 2481.3, 2803.4, 3093.2, 1792.8, 3148.0, 2398.7, 3047.1, 2417.5, 3287.0, 2775.8, 1820.3, 2717.4, 3224.0, 2912.8, 3528.4, 2275.7, 2837.9, 3721.3, 3133.8, 2718.8, 2112.7, 2762.6, 2954.9, 4154.4, 1690.9, 2718.5, 2950.3, 1853.8, 2156.0, 4407.9, 4238.7, 2804.1, 2757.6, 4358.1, 1334.8, 2759.3, 2851.8
1989, 2592.8, 3000.2, 5106.1, 2621.9, 3346.5, 3864.8, 2824.4, 3015.5, 4606.6, 3971.1, 4260.3, 2645.5, 3109.9, 2673.2, 2809.9, 3096.0, 1921.4, 3473.5, 2460.5, 2919.5, 2484.8, 3311.7, 2818.1, 1879.7, 2835.2, 2964.3, 2880.4, 3662.1, 2446.9, 2764.7, 3809.0, 3033.2, 2918.6, 2025.8, 2811.1, 2862.0, 3677.0, 1798.7, 2715.8, 3070.8, 1966.0, 2224.9, 4365.0, 4288.8, 2727.7, 2831.2, 4119.3, 1432.8, 2877.3, 2861.7
1990, 2755.4, 3168.5, 4703.0, 2834.4, 3197.5, 3890.6, 2874.4, 3290.8, 4569.6, 3714.3, 4217.1, 2802.7, 3262.0, 2827.1, 2822.9, 3243.5, 1942.7, 3548.6, 2554.9, 3082.9, 2525.3, 3347.4, 2959.9, 2070.0, 2800.2, 3391.2, 2981.1, 3502.7, 2534.2, 2843.0, 3828.5, 2979.4, 3048.3, 2288.8, 2864.1, 3002.0, 3545.2, 1810.5, 2695.3, 3302.4, 2108.9, 2545.1, 4304.7, 4257.6, 2918.5, 3031.4, 4011.4, 1522.7, 2962.6, 3129.3
1991, 2889.5, 3574.6, 4266.3, 3013.8, 3246.0, 3930.0, 2837.6, 3652.4, 4573.5, 3629.2, 4158.1, 2901.2, 3317.5, 2870.6, 2827.5, 3377.1, 1909.1, 3488.6, 2569.8, 3364.7, 2500.5, 3469.1, 2963.2, 2213.5, 2840.9, 2778.3, 3080.4, 3565.5, 2372.9, 2854.9, 3775.3, 2944.3, 3238.7, 2229.0, 2915.6, 3050.1, 3598.4, 1907.4, 2655.8, 3364.7, 2192.3, 2662.1, 4232.3, 4239.6, 2673.9, 3112.5, 4101.5, 1630.7, 3000.9, 3232.0
1992, 2848.2, 3531.2, 4124.6, 2763.2, 3137.8, 3780.1, 2726.7, 2963.6, 4434.3, 3653.1, 4357.2, 2813.8, 3091.9, 2776.1, 2766.3, 3191.7, 1842.5, 3567.5, 2426.4, 3366.8, 2361.0, 3173.5, 3007.8, 2251.4, 2759.3, 3548.9, 3060.0, 3520.3, 2138.1, 2653.6, 3609.9, 2735.8, 3181.6, 2279.6, 2721.3, 2932.1, 3670.6, 1866.5, 2393.2, 3224.7, 2161.9, 2546.5, 3906.8, 4245.1, 2369.6, 2909.0, 4045.1, 1611.5, 2919.9, 3434.1
1993, 2672.0, 3539.4, 4387.4, 2795.7, 3029.1, 3499.4, 2620.6, 2979.0, 4413.9, 3568.7, 4429.4, 2711.1, 3084.0, 2695.9, 2599.4, 3024.0, 1840.7, 3802.9, 2174.7, 3292.5, 2271.3, 3063.2, 2872.0, 2363.5, 2777.8, 3652.1, 2912.9, 3321.6, 2058.0, 2486.1, 3510.1, 2644.2, 3168.8, 2216.2, 2667.7, 2943.7, 3656.9, 1831.7, 2410.1, 3226.8, 2086.0, 2700.2, 3687.3, 3903.4, 2851.2, 2790.1, 3914.4, 1563.5, 2762.0, 3078.7
1994, 2843.1, 3601.3, 4678.5, 2791.6, 2957.7, 3490.2, 2586.9, 2950.1, 4490.6, 3631.6, 4687.0, 2877.1, 3096.4, 2782.4, 2492.3, 2954.5, 1919.2, 3802.6, 2278.8, 3368.1, 2151.3, 3055.7, 2875.9, 2646.0, 2998.9, 3833.8, 2991.2, 3561.6, 1957.8, 2474.9, 3466.9, 2489.5, 3195.7, 2178.5, 2682.3, 3192.9, 3969.7, 1844.3, 2310.8, 3336.6, 2207.5, 2670.0, 3395.1, 3907.4, 2267.9, 2772.0, 3971.5, 1547.1, 2667.4, 3204.6
1995, 2844.3, 3624.3, 4925.6, 2815.4, 2856.9, 3634.5, 2668.7, 3114.2, 4322.4, 3678.3, 5046.9, 3057.6, 3019.0, 2819.5, 2767.2, 3074.3, 1992.4, 3838.5, 2292.0, 3532.8, 2232.2, 2939.7, 3002.5, 2520.1, 3050.9, 3769.8, 3179.2, 3566.2, 1977.2, 2597.1, 3648.5, 2344.4, 3264.9, 2249.8, 2669.0, 3164.3, 4236.7, 1963.1, 2503.0, 3441.8, 2191.5, 2799.5, 3377.8, 4572.1, 2418.8, 2740.0, 4140.3, 1516.6, 2627.8, 3286.3
1996, 2886.7, 3386.7, 4252.5, 2908.8, 2605.1, 3415.5, 2484.1, 2988.3, 4204.5, 3927.7, 4620.0, 2848.8, 3026.2, 2752.6, 2520.8, 3038.3, 1896.3, 3982.3, 2377.9, 3427.0, 1962.6, 2886.3, 2977.1, 2551.5, 3151.1, 3518.5, 3045.7, 3262.3, 2118.0, 2428.2, 3802.6, 2197.0, 3257.0, 2085.9, 2784.1, 3317.4, 4014.3, 2079.9, 2360.3, 3505.0, 2121.9, 2864.8, 3447.4, 4377.1, 2058.4, 2760.1, 3898.5, 1549.8, 2634.5, 3203.3
1997, 2954.8, 3412.2, 4282.0, 2863.8, 2430.9, 3077.3, 2410.4, 3538.8, 4056.9, 3503.4, 4126.7, 2709.4, 2943.3, 2701.9, 2500.0, 3538.5, 1880.4, 3748.0, 2215.2, 3263.8, 1887.8, 2832.6, 2942.2, 2632.3, 2878.0, 3459.7, 2918.7, 3167.1, 1997.4, 2297.0, 3883.7, 2130.6, 3208.5, 2085.3, 2824.1, 3287.3, 4197.6, 2054.0, 2178.2, 3492.7, 2377.4, 2921.8, 3320.4, 4326.9, 1959.6, 2679.0, 3811.5, 1483.1, 2533.9, 3166.3
1998, 2779.0, 3031.1, 3922.4, 2581.8, 2217.1, 2917.9, 2366.3, 3313.0, 3886.8, 3342.8, 3681.0, 2553.7, 2799.4, 2590.1, 2306.6, 3245.7, 1828.5, 3605.1, 2126.8, 3096.8, 1777.7, 2630.0, 2723.6, 2490.0, 2948.4, 3402.3, 2971.7, 2711.3, 1863.2, 2109.3, 3743.9, 1998.9, 3092.0, 2058.6, 2771.1, 2915.8, 3773.3, 1965.4, 2165.1, 3295.4, 1897.8, 2726.1, 3071.7, 3721.7, 2213.9, 2503.5, 3757.7, 1497.9, 2452.8, 2860.5
1999, 2737.3, 2688.3, 3510.2, 2505.6, 1994.2, 2692.9, 2111.5, 3003.7, 3534.5, 3182.2, 3412.7, 2143.0, 2646.3, 2335.5, 2171.7, 3003.8, 1785.5, 3425.2, 2026.4, 2848.2, 1762.6, 2396.2, 2465.4, 2380.9, 2881.1, 2645.4, 2741.8, 2385.9, 1764.6, 1976.8, 3426.3, 1858.1, 3012.3, 1795.1, 2558.9, 2787.8, 3409.1, 1898.9, 2249.0, 3086.0, 1915.5, 2602.1, 3062.6, 3669.6, 1955.4, 2326.5, 3341.2, 1591.7, 2298.9, 2611.1
2000, 2864.8, 2685.8, 3444.1, 2608.7, 1924.5, 2623.5, 2011.4, 2725.9, 3242.9, 2937.0, 3570.2, 2206.0, 2521.6, 2379.9, 2225.2, 2978.6, 1809.6, 3229.9, 1875.1, 2745.7, 1660.5, 2291.9, 2403.7, 2452.2, 2851.3, 2957.0, 2870.3, 2208.2, 1680.0, 1848.8, 3184.4, 1796.4, 2891.8, 1727.2, 2583.2, 2785.4, 3338.7, 1839.2, 2102.2, 3125.2, 1663.7, 2708.8, 3057.4, 3288.5, 2165.5, 2064.8, 3234.6, 1556.1, 2229.9, 2494.6
2001, 2685.0, 2634.8, 3520.8, 2582.5, 2016.6, 2738.9, 1914.7, 2444.9, 3154.8, 2837.2, 3661.3, 2141.9, 2450.1, 2404.1, 2259.4, 2851.0, 1756.0, 3121.8, 1914.0, 2709.5, 1668.8, 2265.7, 2498.1, 2458.8, 2969.9, 2726.4, 3064.6, 2148.7, 1592.9, 1833.3, 3080.7, 1725.6, 2891.0, 1819.7, 2598.6, 2724.7, 3542.1, 1815.4, 2253.1, 3120.1, 1657.7, 2870.1, 3133.3, 3101.6, 2027.2, 2182.4, 3255.8, 1569.6, 2317.4, 2621.3
2002, 2767.0, 2765.3, 3704.0, 2628.3, 2044.7, 2781.4, 1871.7, 2302.3, 3064.3, 2745.7, 3977.2, 2163.6, 2417.1, 2372.5, 2330.2, 2724.3, 1769.7, 2978.0, 1899.1, 2629.5, 1680.6, 2134.4, 2430.9, 2458.1, 2820.7, 2601.0, 2977.6, 2189.6, 1527.6, 1726.6, 2883.6, 1662.1, 2760.8, 1814.3, 2516.0, 2870.9, 3378.2, 1723.1, 2251.3, 3002.0, 1596.3, 2791.3, 3169.7, 3225.6, 1733.3, 2161.8, 3189.8, 1525.0, 2267.9, 2666.8
2003, 2754.1, 2784.4, 3561.9, 2495.1, 2062.7, 2737.6, 1880.4, 2314.1, 2973.6, 2849.0, 3588.1, 2162.3, 2339.4, 2349.9, 2189.0, 2916.6, 1677.5, 2881.2, 1836.5, 2437.7, 1620.9, 2068.3, 2294.9, 2369.6, 2825.8, 2483.2, 2815.8, 2378.1, 1546.8, 1646.4, 2693.3, 1620.9, 2755.9, 1630.4, 2460.1, 2948.9, 3432.0, 1724.1, 2074.2, 3080.7, 1512.9, 2853.1, 3160.8, 3202.3, 1635.9, 2082.3, 3142.1, 1568.3, 2169.7, 2636.7
2004, 2732.4, 2456.7, 3118.7, 2699.7, 2033.1, 2679.5, 1908.3, 2323.3, 2775.2, 2796.8, 3254.7, 2034.8, 2257.9, 2387.7, 2106.9, 2967.2, 1703.0, 2975.1, 1832.4, 2335.6, 1585.7, 1929.8, 2226.1, 2256.0, 2747.9, 2382.3, 2654.9, 2247.8, 1518.1, 1611.7, 2736.1, 1613.2, 2659.7, 1495.5, 2464.3, 2874.1, 3282.0, 1728.2, 2002.3, 3120.4, 1413.1, 2881.7, 3099.5, 3093.7, 1696.1, 2060.5, 3173.4, 1741.5, 2025.6, 2639.3
2005, 2656.0, 2601.0, 2958.0, 2720.0, 1915.0, 2736.0, 1840.0, 2148.0, 2662.0, 2733.0, 3313.0, 1931.0, 2175.0, 2414.0, 2048.0, 2774.0, 1686.0, 2504.0, 1837.0, 2299.0, 1524.0, 1922.0, 2230.0, 2093.0, 2747.0, 2546.0, 2580.0, 2156.0, 1415.0, 1571.0, 2633.0, 1565.0, 2549.0, 1534.0, 2433.0, 2648.0, 3114.0, 1732.0, 1823.0, 2978.0, 1336.0, 2844.0, 2953.0, 2894.0, 1750.0, 2044.0, 3147.0, 1797.0, 2000.0, 2536.0
2006, 2640.8, 2579.5, 2891.9, 2584.5, 1835.3, 2322.0, 1847.9, 2396.0, 2619.0, 2503.7, 2939.3, 1715.3, 2124.2, 2386.2, 2045.5, 2729.7, 1716.5, 2626.2, 1926.9, 2270.4, 1564.7, 1973.0, 2239.0, 1972.3, 2633.6, 2292.9, 2528.4, 2020.8, 1534.6, 1543.8, 2346.5, 1542.7, 2564.4, 1521.1, 2437.0, 2286.9, 2672.3, 1745.4, 1765.8, 2894.4, 1273.0, 2718.8, 2759.6, 2607.0, 1740.2, 1874.8, 2864.1, 1776.5, 2081.9, 2379.6
2007, 2689.5, 2476.9, 2793.5, 2578.5, 1790.6, 2067.6, 1739.9, 2365.3, 2689.0, 2498.1, 2921.5, 1649.1, 2084.5, 2332.4, 1908.2, 2662.1, 1685.5, 2755.3, 1839.3, 2265.9, 1611.3, 1899.2, 2229.7, 1934.8, 2659.2, 2329.7, 2337.7, 1942.9, 1513.0, 1532.9, 2306.8, 1506.3, 2574.1, 1485.0, 2308.2, 2232.2, 2539.2, 1699.1, 1812.7, 2876.8, 1305.9, 2741.8, 2774.0, 2592.2, 1747.0, 1888.4, 2640.2, 1728.5, 2105.8, 2271.3
2008, 2714.3, 2218.4, 2607.0, 2448.2, 1770.2, 1982.7, 1805.4, 2524.9, 2765.7, 2557.5, 2439.4, 1544.3, 2068.1, 2310.5, 1741.8, 2420.5, 1810.1, 2541.3, 1875.9, 2378.3, 1645.3, 1844.9, 2160.1, 1828.4, 2537.4, 2153.5, 2152.8, 1915.8, 1726.2, 1595.7, 2368.3, 1528.8, 2542.5, 1524.9, 2270.5, 2203.7, 2445.3, 1760.2, 1991.5, 2819.7, 1276.6, 2683.8, 2690.2, 2569.0, 1899.7, 1946.1, 2550.1, 1761.8, 2069.2, 2174.7
2009, 2507.5, 2183.5, 2364.8, 2361.3, 1665.0, 1892.2, 1705.1, 2354.0, 2588.6, 2332.0, 2580.0, 1492.2, 1927.3, 2135.9, 1654.2, 2323.7, 1690.7, 2540.1, 1817.1, 2206.7, 1619.7, 1791.7, 1996.9, 1772.7, 2350.9, 2002.9, 2087.0, 1757.9, 1717.4, 1473.4, 2298.0, 1498.8, 2301.7, 1464.6, 2163.9, 2273.2, 2223.5, 1623.1, 1842.3, 2614.4, 1340.6, 2514.3, 2737.7, 2497.9, 1783.6, 1907.7, 2527.3, 1728.4, 1979.7, 2078.0
2010, 2414.9, 2175.3, 2403.4, 2252.1, 1608.4, 1932.2, 1577.8, 2399.8, 2433.6, 2328.6, 2323.7, 1501.7, 1889.7, 2113.9, 1580.0, 2230.5, 1713.5, 2425.8, 1849.3, 2049.5, 1603.6, 1718.6, 1947.6, 1777.2, 2343.8, 2035.0, 2016.0, 1572.8, 1730.6, 1463.2, 2154.2, 1511.9, 2176.3, 1354.4, 2154.5, 2162.2, 2279.5, 1607.5, 1751.2, 2621.1, 1371.1, 2418.1, 2592.2, 2422.7, 1657.3, 1819.4, 2498.8, 1515.6, 1897.4, 1970.8
